{"0": {"precision": 0.9105263157894737, "recall": 0.9774011299435028, "f1-score": 0.9427792915531336, "support": 177.0}, "1": {"precision": 0.9745762711864406, "recall": 0.92, "f1-score": 0.9465020576131687, "support": 125.0}, "2": {"precision": 1.0, "recall": 0.8974358974358975, "f1-score": 0.9459459459459459, "support": 78.0}, "3": {"precision": 0.9230769230769231, "recall": 0.96, "f1-score": 0.9411764705882353, "support": 25.0}, "4": {"precision": 1.0, "recall": 1.0, "f1-score": 1.0, "support": 24.0}, "5": {"precision": 0.9523809523809523, "recall": 1.0, "f1-score": 0.975609756097561, "support": 20.0}, "accuracy": 0.9487750556792873, "macro avg": {"precision": 0.9600934104056317, "recall": 0.9591395045632334, "f1-score": 0.9586689202996741, "support": 449.0}, "weighted avg": {"precision": 0.9512466234244634, "recall": 0.9487750556792873, "f1-score": 0.9487975110846139, "support": 449.0}}