{"validation_multi_logloss": {"min": 1.3921740113633587}, "_timestamp": 1721584482.2563708, "iteration": 29, "_runtime": 20.662566900253296, "_step": 29}