{"validation_multi_logloss": {"min": 1.3921740113633587}, "_timestamp": 1721584287.6165416, "iteration": 29, "_runtime": 20.171000719070435, "_step": 29, "_wandb": {"runtime": 21}}