{"prefix_accuracy": 0.9487750556792873, "prefix_precision": [0.9105263157894737, 0.9745762711864406, 1.0, 0.9230769230769231, 1.0, 0.9523809523809523], "prefix_recall": [0.9774011299435028, 0.92, 0.8974358974358975, 0.96, 1.0, 1.0], "prefix_f1": [0.9427792915531336, 0.9465020576131687, 0.9459459459459459, 0.9411764705882353, 1.0, 0.975609756097561], "prefix_precision_macro": 0.9600934104056317, "prefix_recall_macro": 0.9591395045632334, "prefix_f1_macro": 0.9586689202996741, "prefix_precision_micro": 0.9487750556792873, "prefix_recall_micro": 0.9487750556792873, "prefix_f1_micro": 0.9487750556792873, "prefix_precision_weighted": 0.9512466234244634, "prefix_recall_weighted": 0.9487750556792873, "prefix_f1_weighted": 0.9487975110846139, "prefix_confusion_matrix": {"_type": "histogram", "values": [28, 2, 0, 1, 2, 0, 0, 0, 0, 0, 0, 0, 1, 0, 0, 0, 0, 0, 0, 0, 0, 1, 0, 0, 0, 0, 0, 0, 0, 0, 0, 1], "bins": [0.0, 5.40625, 10.8125, 16.21875, 21.625, 27.03125, 32.4375, 37.84375, 43.25, 48.65625, 54.0625, 59.46875, 64.875, 70.28125, 75.6875, 81.09375, 86.5, 91.90625, 97.3125, 102.71875, 108.125, 113.53125, 118.9375, 124.34375, 129.75, 135.15625, 140.5625, 145.96875, 151.375, 156.78125, 162.1875, 167.59375, 173.0]}, "prefix_classification_report": {"0": {"precision": 0.9105263157894737, "recall": 0.9774011299435028, "f1-score": 0.9427792915531336, "support": 177.0}, "1": {"precision": 0.9745762711864406, "recall": 0.92, "f1-score": 0.9465020576131687, "support": 125.0}, "2": {"precision": 1.0, "recall": 0.8974358974358975, "f1-score": 0.9459459459459459, "support": 78.0}, "3": {"precision": 0.9230769230769231, "recall": 0.96, "f1-score": 0.9411764705882353, "support": 25.0}, "4": {"precision": 1.0, "recall": 1.0, "f1-score": 1.0, "support": 24.0}, "5": {"precision": 0.9523809523809523, "recall": 1.0, "f1-score": 0.975609756097561, "support": 20.0}, "accuracy": 0.9487750556792873, "macro avg": {"precision": 0.9600934104056317, "recall": 0.9591395045632334, "f1-score": 0.9586689202996741, "support": 449.0}, "weighted avg": {"precision": 0.9512466234244634, "recall": 0.9487750556792873, "f1-score": 0.9487975110846139, "support": 449.0}}, "_timestamp": 1721588056.5161786, "_runtime": 17.020736694335938, "_step": 0}