{"prefix_accuracy": 0.4069767441860465, "prefix_precision": [0.49056603773584906, 0.34, 0.1111111111111111, 0.0, 0.0, 0.0], "prefix_recall": [0.65, 0.3469387755102041, 0.05, 0.0, 0.0, 0.0], "prefix_f1": [0.5591397849462365, 0.3434343434343434, 0.06896551724137931, 0.0, 0.0, 0.0], "prefix_precision_macro": 0.15694619147449337, "prefix_recall_macro": 0.17448979591836736, "prefix_f1_macro": 0.16192327427032654, "prefix_precision_micro": 0.4069767441860465, "prefix_recall_micro": 0.4069767441860465, "prefix_f1_micro": 0.4069767441860465, "prefix_precision_weighted": 0.33795061186680314, "prefix_recall_weighted": 0.4069767441860465, "prefix_f1_weighted": 0.3659231160977287, "prefix_confusion_matrix": {"_type": "histogram", "values": [23, 4, 2, 1, 1, 0, 0, 0, 1, 0, 1, 0, 0, 0, 1, 0, 1, 0, 0, 0, 0, 0, 0, 0, 0, 0, 0, 0, 0, 0, 0, 1], "bins": [0.0, 1.625, 3.25, 4.875, 6.5, 8.125, 9.75, 11.375, 13.0, 14.625, 16.25, 17.875, 19.5, 21.125, 22.75, 24.375, 26.0, 27.625, 29.25, 30.875, 32.5, 34.125, 35.75, 37.375, 39.0, 40.625, 42.25, 43.875, 45.5, 47.125, 48.75, 50.375, 52.0]}, "prefix_classification_report": {"0": {"precision": 0.49056603773584906, "recall": 0.65, "f1-score": 0.5591397849462365, "support": 80.0}, "1": {"precision": 0.34, "recall": 0.3469387755102041, "f1-score": 0.3434343434343434, "support": 49.0}, "2": {"precision": 0.1111111111111111, "recall": 0.05, "f1-score": 0.06896551724137931, "support": 20.0}, "3": {"precision": 0.0, "recall": 0.0, "f1-score": 0.0, "support": 11.0}, "4": {"precision": 0.0, "recall": 0.0, "f1-score": 0.0, "support": 5.0}, "5": {"precision": 0.0, "recall": 0.0, "f1-score": 0.0, "support": 7.0}, "accuracy": 0.4069767441860465, "macro avg": {"precision": 0.15694619147449337, "recall": 0.17448979591836736, "f1-score": 0.16192327427032654, "support": 172.0}, "weighted avg": {"precision": 0.33795061186680314, "recall": 0.4069767441860465, "f1-score": 0.3659231160977287, "support": 172.0}}, "_timestamp": 1721588460.937245, "_runtime": 35.43199300765991, "_step": 2, "SHAP Summary Plot": {"_type": "image-file", "sha256": "7488574290c0e273a3ca0e8040ae298fa373c47c4c4d725bac34704d78610134", "size": 84234, "path": "media/images/SHAP Summary Plot_1_7488574290c0e273a3ca.png", "format": "png", "width": 1150, "height": 660}, "_wandb": {"runtime": 19}}