{"validation_multi_logloss": {"min": 1.3921740113633587}, "_timestamp": 1721584402.3301563, "iteration": 29, "_runtime": 20.238895416259766, "_step": 29, "_wandb": {"runtime": 72}}